Date,Close,High,Low,Open,Volume,Return
2021-11-11,122.98999786376953,125.0,108.01000213623047,114.625,83668200,0.22098673448821748
2021-11-12,129.9499969482422,135.1999969482422,125.25,128.64500427246094,50636800,0.05658996020295848
2021-11-15,149.36000061035156,152.52999877929688,127.51000213623047,130.8000030517578,64982300,0.14936517212724665
2021-11-16,172.00999450683594,179.47000122070312,153.77999877929688,163.8000030517578,94036600,0.1516469858323941
2021-11-17,146.07000732421875,163.0,140.35000610351562,160.8800048828125,71765600,-0.1508051160456626
2021-11-18,123.37999725341797,138.77999877929688,120.1500015258789,136.80999755859375,63603600,-0.15533654366455774
2021-11-19,128.60000610351562,139.89999389648438,125.5999984741211,129.97999572753906,49479400,0.04230838844465157
2021-11-22,118.11000061035156,124.93000030517578,106.91000366210938,123.87999725341797,40993900,-0.08157080089654278
2021-11-23,119.8499984741211,124.0,113.0,117.83000183105469,24967900,0.014732011301141545
2021-11-24,114.8499984741211,120.0,113.44999694824219,119.37999725341797,11539200,-0.04171881571679481
2021-11-26,112.12999725341797,114.5,106.13999938964844,111.0,9871200,-0.023683075810540966
2021-11-29,119.7699966430664,122.25,113.5999984741211,115.8499984741211,13923900,0.06813519643973365
2021-11-30,119.76000213623047,121.48999786376953,114.0999984741211,119.9000015258789,20204900,-8.344750034283699e-05
2021-12-01,115.69000244140625,126.75,113.0999984741211,120.54000091552734,13289700,-0.03398463278411168
2021-12-02,110.7699966430664,118.44999694824219,107.75,114.16999816894531,10835500,-0.04252749325363436
2021-12-03,104.66999816894531,111.87000274658203,100.0,110.48999786376953,13819200,-0.05506904991409445
2021-12-06,116.77999877929688,117.4800033569336,100.31999969482422,106.36000061035156,19725400,0.11569696018151365
2021-12-07,116.18000030517578,120.20999908447266,112.4000015258789,119.5199966430664,12173300,-0.005137853060394604
2021-12-08,122.12000274658203,123.4000015258789,112.81999969482422,116.22000122070312,12816000,0.05112758156139918
2021-12-09,115.4000015258789,121.31999969482422,114.4000015258789,119.94999694824219,8474800,-0.055027850225717545
2021-12-10,114.66000366210938,118.01000213623047,110.8010025024414,115.70999908447266,8387500,-0.006412459739903786
2021-12-13,118.9000015258789,121.63999938964844,113.94999694824219,118.13999938964844,14737500,0.03697887430968816
2021-12-14,117.13999938964844,117.9000015258789,112.70999908447266,114.7699966430664,8057700,-0.01480237269675222
2021-12-15,115.0,116.73899841308594,109.20999908447266,115.47000122070312,10828600,-0.018268733146651783
2021-12-16,108.87000274658203,117.0,107.05999755859375,116.76000213623047,13627600,-0.053304323942764964
2021-12-17,97.69999694824219,100.5999984741211,92.62000274658203,99.91999816894531,44475000,-0.10259948118436624
2021-12-20,89.9800033569336,96.4000015258789,88.4000015258789,94.80000305175781,16072700,-0.0790173370772812
2021-12-21,96.81999969482422,98.41999816894531,92.05000305175781,92.19000244140625,12915100,0.07601684910765849
2021-12-22,96.33999633789062,98.9000015258789,93.39199829101562,96.38800048828125,8644100,-0.0049576880649303545
2021-12-23,96.83999633789062,97.8219985961914,93.81400299072266,96.35099792480469,5670100,0.0051899524497216465
2021-12-27,107.08999633789062,107.48999786376953,96.80000305175781,96.9000015258789,15497000,0.10584469627855064
2021-12-28,102.87000274658203,106.0,101.0,105.04000091552734,8821300,-0.039406048516368086
2021-12-29,99.33999633789062,102.58000183105469,96.62000274658203,101.19000244140625,8754900,-0.034315216432797224
2021-12-30,103.41999816894531,105.29000091552734,98.66000366210938,98.85199737548828,10874700,0.041071089002028494
2021-12-31,103.69000244140625,106.12000274658203,102.27999877929688,102.44000244140625,5814900,0.0026107549530203222
2022-01-03,102.72000122070312,106.55000305175781,100.25,106.13999938964844,8346800,-0.0093548191519357
2022-01-04,101.38999938964844,106.80000305175781,99.01399993896484,102.98999786376953,12152200,-0.012947836986460515
2022-01-05,90.01000213623047,99.21499633789062,89.27999877929688,98.31999969482422,18645100,-0.11223983945087024
2022-01-06,87.33000183105469,92.02999877929688,75.12999725341797,91.87999725341797,39827100,-0.029774472187208634
2022-01-07,86.27999877929688,89.2699966430664,81.62100219726562,87.0199966430664,17515900,-0.012023394363246509
2022-01-10,81.44000244140625,83.75,77.6500015258789,83.5199966430664,17289800,-0.05609638857635213
2022-01-11,83.55000305175781,86.58000183105469,78.12000274658203,78.94000244140625,19970600,0.025908651118590642
2022-01-12,86.4800033569336,88.06999969482422,82.62999725341797,84.9000015258789,14422800,0.03506882343691475
2022-01-13,80.30999755859375,86.94000244140625,79.88999938964844,86.94000244140625,13677500,-0.07134604022705737
2022-01-14,79.94999694824219,81.69000244140625,77.01000213623047,79.56999969482422,15838000,-0.004482637545704216
2022-01-18,73.16000366210938,77.83999633789062,72.8550033569336,77.5250015258789,16803700,-0.08492799931597872
2022-01-19,69.4000015258789,76.31999969482422,68.94999694824219,74.81999969482422,15068400,-0.05139423111015817
2022-01-20,65.0199966430664,72.08000183105469,64.80999755859375,70.85800170898438,18642700,-0.06311246090072808
2022-01-21,64.51000213623047,67.16000366210938,60.5099983215332,63.8650016784668,19344700,-0.007843656308313962
2022-01-24,63.900001525878906,64.30000305175781,55.099998474121094,60.11000061035156,24115900,-0.009455907458557844
2022-01-25,59.61000061035156,61.93000030517578,58.0,61.10499954223633,16557200,-0.06713616295908742
2022-01-26,60.27000045776367,68.06999969482422,59.0099983215332,62.349998474121094,23694100,0.011071965117502414
2022-01-27,53.939998626708984,61.70000076293945,53.33100128173828,61.33000183105469,23416400,-0.10502740638753871
2022-01-28,57.119998931884766,57.29999923706055,50.0,53.599998474121094,23965100,0.05895440092950177
2022-01-31,65.73999786376953,65.93000030517578,57.91999816894531,58.650001525878906,18684900,0.15091034826810934
2022-02-01,69.62000274658203,71.45999908447266,62.349998474121094,67.27999877929688,24476500,0.05902045952074553
2022-02-02,64.31999969482422,69.9000015258789,63.54999923706055,69.38999938964844,15610300,-0.07612759038591121
2022-02-03,60.36000061035156,63.91899871826172,59.0,60.82699966430664,19776300,-0.06156715023727388
2022-02-04,60.869998931884766,62.779998779296875,59.11000061035156,62.064998626708984,14588500,0.0084492762819115
2022-02-07,58.36000061035156,63.83000183105469,57.52000045776367,60.875,14782000,-0.04123539289596445
2022-02-08,60.95000076293945,61.540000915527344,56.439998626708984,58.08000183105469,12079200,0.044379714282053895
2022-02-09,64.52999877929688,65.12000274658203,60.75,61.86000061035156,13343700,0.05873663612050728
2022-02-10,64.72000122070312,68.9800033569336,60.65999984741211,61.45500183105469,17665400,0.0029444048504647657
2022-02-11,58.849998474121094,66.4000015258789,57.70000076293945,64.5,15293400,-0.09069843380510156
2022-02-14,62.650001525878906,66.4000015258789,59.900001525878906,60.36000061035156,26874500,0.06457099660637788
2022-02-15,66.29000091552734,67.18000030517578,63.880001068115234,65.80000305175781,16267400,0.05810054750190008
2022-02-16,66.25,66.43000030517578,63.34000015258789,65.37000274658203,12768300,-0.0006034230649403227
2022-02-17,64.73999786376953,71.5,64.12999725341797,64.68499755859375,22387700,-0.022792485075176838
2022-02-18,66.37000274658203,66.9000015258789,63.0099983215332,65.77300262451172,14965900,0.02517770986403911
2022-02-22,62.38999938964844,69.0999984741211,59.7599983215332,65.25,22737000,-0.05996690059107401
2022-02-23,57.529998779296875,63.5,57.04999923706055,63.426998138427734,22637000,-0.07789710943895156
2022-02-24,63.709999084472656,64.43000030517578,53.5,54.2400016784668,24082200,0.10742222208076524
2022-02-25,63.43000030517578,63.9900016784668,60.810001373291016,63.349998474121094,13455200,-0.004394895358978523
2022-02-28,67.55999755859375,68.1500015258789,62.400001525878906,63.4900016784668,19270200,0.06511110253109953
2022-03-01,61.90999984741211,66.54000091552734,60.79999923706055,65.43000030517578,17204100,-0.08362933563284225
2022-03-02,53.560001373291016,59.13999938964844,53.29999923706055,59.1349983215332,36559800,-0.13487317872235682
2022-03-03,50.90999984741211,56.0,50.02000045776367,54.36000061035156,28535500,-0.049477249027861214
2022-03-04,47.38999938964844,51.40999984741211,46.65999984741211,51.0099983215332,24392200,-0.06914163166988507
2022-03-07,42.43000030517578,49.439998626708984,42.279998779296875,48.0,22985200,-0.10466341313260463
2022-03-08,42.209999084472656,45.060001373291016,39.86000061035156,41.88999938964844,25165000,-0.0051850393382224524
2022-03-09,43.95000076293945,46.25,42.689998626708984,43.38999938964844,15784700,0.04122249979168724
2022-03-10,41.15999984741211,44.189998626708984,39.77000045776367,44.10499954223633,31481100,-0.0634812483980659
2022-03-11,38.04999923706055,41.0,37.5,38.31999969482422,42597900,-0.07555881005541598
2022-03-14,35.83000183105469,37.7400016784668,34.900001525878906,37.7400016784668,20756400,-0.05834421683361268
2022-03-15,37.0,37.31999969482422,33.459999084472656,35.66999816894531,19671300,0.032654147618023543
2022-03-16,41.58000183105469,42.099998474121094,37.650001525878906,38.5,23752200,0.12378383327174824
2022-03-17,42.130001068115234,42.75,38.52000045776367,40.84000015258789,17167200,0.0132274942963031
2022-03-18,45.599998474121094,45.70000076293945,42.332000732421875,42.61000061035156,19770600,0.08236404742538728
2022-03-21,43.560001373291016,46.54999923706055,42.310001373291016,45.63999938964844,13227000,-0.04473678002396897
2022-03-22,46.93000030517578,48.29999923706055,43.130001068115234,43.650001525878906,13110500,0.0773645276777033
2022-03-23,45.869998931884766,48.0,44.630001068115234,46.470001220703125,12025100,-0.02258686056676018
2022-03-24,48.65999984741211,48.70000076293945,44.599998474121094,46.25,12804900,0.060824089393819
2022-03-25,46.15999984741211,49.099998474121094,45.22999954223633,48.869998931884766,10825100,-0.05137690110644255
2022-03-28,45.97999954223633,48.165000915527344,44.0,46.834999084472656,11018400,-0.0038994866934747296
2022-03-29,53.880001068115234,54.83000183105469,46.61000061035156,47.36000061035156,26325300,0.17181386699715206
2022-03-30,52.0099983215332,56.7599983215332,51.810001373291016,52.73500061035156,20271700,-0.034706806041409854
2022-03-31,50.2400016784668,51.93000030517578,49.54999923706055,51.89500045776367,12740900,-0.03403185349332327
2022-04-01,46.439998626708984,50.2599983215332,46.209999084472656,50.18000030517578,15244400,-0.0756370008917917
2022-04-04,46.529998779296875,47.69499969482422,45.650001525878906,46.79999923706055,15532900,0.0019379878391325711
2022-04-05,42.189998626708984,46.880001068115234,41.88999938964844,46.529998779296875,19576500,-0.09327316282928722
2022-04-06,40.099998474121094,43.349998474121094,39.57099914550781,43.29999923706055,22212700,-0.04953781039624838
2022-04-07,39.97999954223633,40.5,37.599998474121094,40.36000061035156,19428600,-0.0029924921808216487
2022-04-08,38.79999923706055,41.04100036621094,38.308998107910156,39.4900016784668,10675700,-0.0295147653498391
2022-04-11,39.5,41.939998626708984,37.150001525878906,37.84000015258789,14206700,0.018041257131542254
2022-04-12,38.150001525878906,41.9900016784668,37.66999816894531,40.22999954223633,14264500,-0.03417717656002772
2022-04-13,41.150001525878906,41.27000045776367,37.310001373291016,38.30500030517578,14068100,0.07863695622567568
2022-04-14,40.59000015258789,41.900001525878906,40.209999084472656,40.25,9206100,-0.013608781349347843
2022-04-18,38.22999954223633,40.63999938964844,37.31999969482422,40.02000045776367,12841600,-0.058142414424235844
2022-04-19,39.150001525878906,39.77000045776367,36.65999984741211,38.189998626708984,11382200,0.024064922695752777
2022-04-20,36.22999954223633,39.45000076293945,36.119998931884766,38.970001220703125,12648500,-0.07458497751813364
2022-04-21,33.7599983215332,37.9900016784668,33.380001068115234,37.189998626708984,21534500,-0.06817557968289889
2022-04-22,33.61000061035156,34.67399978637695,32.400001525878906,33.779998779296875,12670200,-0.004443060386231323
2022-04-25,33.900001525878906,34.849998474121094,33.04999923706055,33.369998931884766,12433700,0.0086284114924422
2022-04-26,30.68000030517578,33.79999923706055,30.579999923706055,33.5099983215332,18830000,-0.09498528247100546
2022-04-27,31.219999313354492,32.83000183105469,30.75,31.920000076293945,15143700,0.01760101052175056
2022-04-28,32.18000030517578,32.334999084472656,29.440000534057617,31.56999969482422,17179300,0.030749551983835
2022-04-29,30.239999771118164,33.779998779296875,30.100000381469727,32.27000045776367,12877400,-0.060285907882530076
2022-05-02,31.739999771118164,31.8799991607666,29.31999969482422,29.940000534057617,13888900,0.04960317497861322
2022-05-03,31.989999771118164,33.630001068115234,31.1200008392334,31.450000762939453,14738500,0.007876496591140203
2022-05-04,33.91999816894531,34.275001525878906,30.549999237060547,31.600000381469727,16040800,0.060331303896089095
2022-05-05,30.709999084472656,33.27000045776367,30.079999923706055,33.04999923706055,15878300,-0.09463441207999523
2022-05-06,28.790000915527344,31.045000076293945,28.709999084472656,30.8700008392334,20691000,-0.06252029391678127
2022-05-09,22.780000686645508,25.82900047302246,22.450000762939453,25.0,84388400,-0.20875304056140043
2022-05-10,22.790000915527344,24.399999618530273,21.0,23.8700008392334,33317000,0.00043899159703264523
2022-05-11,20.600000381469727,23.5,19.25,22.905000686645508,53073500,-0.09609479798509002
2022-05-12,24.299999237060547,26.700000762939453,21.68000030517578,22.190000534057617,73921500,0.17961159160555518
2022-05-13,26.700000762939453,27.979999542236328,26.170000076293945,26.969999313354492,42674900,0.09876549799304524
2022-05-16,24.860000610351562,26.999000549316406,24.329999923706055,26.469999313354492,32135000,-0.06891386142362499
2022-05-17,27.489999771118164,27.8700008392334,25.7189998626709,25.850000381469727,26958800,0.10579240129509437
2022-05-18,27.290000915527344,29.219999313354492,26.309999465942383,27.165000915527344,26828100,-0.007275331293416176
2022-05-19,29.610000610351562,30.40999984741211,27.450000762939453,27.825000762939453,29571900,0.08501281117598625
2022-05-20,28.920000076293945,30.649999618530273,27.280000686645508,30.299999237060547,22757600,-0.02330295575260455
2022-05-23,27.989999771118164,28.610000610351562,26.700000762939453,28.610000610351562,21521800,-0.0321576868161253
2022-05-24,26.530000686645508,27.5,25.540000915527344,27.385000228881836,19068400,-0.05216145396253902
2022-05-25,27.25,27.725000381469727,25.719999313354492,26.389999389648438,15742100,0.02713906124084353
2022-05-26,29.229999542236328,29.920000076293945,27.08099937438965,27.229999542236328,14536300,0.07266053366004877
2022-05-27,30.959999084472656,31.820999145507812,29.579999923706055,29.59000015258789,17473200,0.05918575331267251
2022-05-31,31.399999618530273,32.599998474121094,30.09000015258789,32.345001220703125,21305700,0.014211903975096973
2022-06-01,30.25,32.220001220703125,29.950000762939453,31.649999618530273,13533300,-0.0366241921178756
2022-06-02,31.940000534057617,32.790000915527344,29.15999984741211,29.389999389648438,15150700,0.05586778624983868
2022-06-03,30.190000534057617,31.459999084472656,29.87700080871582,30.850000381469727,13756000,-0.054790230768279935
2022-06-06,28.979999542236328,31.0,28.674999237060547,30.850000381469727,14661700,-0.040079528665667774
2022-06-07,29.719999313354492,29.760000228881836,27.399999618530273,28.600000381469727,17555100,0.02553484412722873
2022-06-08,29.799999237060547,31.420000076293945,29.6299991607666,29.690000534057617,12660200,0.0026917875354763865
2022-06-09,28.8700008392334,30.209999084472656,28.729999542236328,29.5,10777800,-0.03120800072607255
2022-06-10,28.360000610351562,29.639999389648438,27.709999084472656,28.329999923706055,14376000,-0.017665404019966746
2022-06-13,26.809999465942383,27.8700008392334,26.371000289916992,27.15999984741211,19542300,-0.05465448205397505
2022-06-14,27.299999237060547,28.68000030517578,26.025999069213867,26.690000534057617,16104400,0.018276754228981895
2022-06-15,29.079999923706055,29.559999465942383,27.139999389648438,27.18000030517578,18559600,0.06520149217546889
2022-06-16,26.420000076293945,28.899999618530273,25.799999237060547,27.950000762939453,22035100,-0.09147179691853002
2022-06-17,26.239999771118164,27.170000076293945,25.59000015258789,26.545000076293945,19308400,-0.006813031970325012
2022-06-21,29.06999969482422,30.360000610351562,26.979999542236328,26.979999542236328,25618100,0.1078506077892949
2022-06-22,28.559999465942383,29.979999542236328,28.229999542236328,28.350000381469727,16135200,-0.017543867706769856
2022-06-23,29.469999313354492,29.649999618530273,27.790000915527344,28.860000610351562,14175600,0.031862740351143115
2022-06-24,29.5,30.700000762939453,28.860000610351562,29.68000030517578,22063500,0.001018007714439051
2022-06-27,28.440000534057617,30.149999618530273,28.010000228881836,29.56999969482422,11869900,-0.03593218528618247
2022-06-28,26.989999771118164,28.815000534057617,26.861000061035156,28.110000610351562,14406600,-0.05098455470150365
2022-06-29,26.270000457763672,26.979999542236328,25.65999984741211,26.530000686645508,10857700,-0.026676521654696694
2022-06-30,25.739999771118164,26.43000030517578,24.829999923706055,25.93000030517578,11633000,-0.02017513046859787
2022-07-01,25.700000762939453,26.780000686645508,25.295000076293945,25.90999984741211,8544400,-0.0015539630355239087
2022-07-05,26.860000610351562,26.940000534057617,24.479999542236328,25.18000030517578,10455700,0.045136179493227235
2022-07-06,29.65999984741211,30.600000381469727,28.0,28.0,36729400,0.10424419856421951
2022-07-07,31.6299991607666,31.770000457763672,29.65999984741211,30.0,25560900,0.0664193972855458
2022-07-08,31.989999771118164,33.20000076293945,30.559999465942383,31.424999237060547,20009700,0.011381619345665506
2022-07-11,29.93000030517578,32.70000076293945,29.469999313354492,32.349998474121094,18678900,-0.06439510724230235
2022-07-12,30.149999618530273,30.59000015258789,28.950000762939453,29.729999542236328,15862000,0.007350461447086953
2022-07-13,30.760000228881836,31.3700008392334,29.309999465942383,29.5,12542900,0.020232192970797147
2022-07-14,30.829999923706055,30.959999084472656,29.399999618530273,30.540000915527344,10947200,0.002275672766689052
2022-07-15,31.600000381469727,31.6299991607666,29.90999984741211,31.049999237060547,13762700,0.02497568795553562
2022-07-18,31.799999237060547,33.58000183105469,31.700000762939453,32.45000076293945,13577000,0.006329077632166724
2022-07-19,31.709999084472656,32.7400016784668,31.582000732421875,32.220001220703125,16245000,-0.002830193545508064
2022-07-20,32.7400016784668,33.29999923706055,31.788000106811523,31.889999389648438,17831400,0.0324819496604305
2022-07-21,34.130001068115234,34.75,32.70000076293945,32.779998779296875,24446800,0.042455690848746785
2022-07-22,32.47999954223633,35.40999984741211,32.0,35.119998931884766,16935800,-0.04834460809379704
2022-07-25,32.16999816894531,32.81999969482422,31.200000762939453,32.70000076293945,9878500,-0.009544377391012437
2022-07-26,31.690000534057617,31.81999969482422,30.860000610351562,31.333999633789062,7838700,-0.014920660932802088
2022-07-27,32.0099983215332,32.3650016784668,31.010000228881836,32.16999816894531,10371200,0.010097752669069315
2022-07-28,33.845001220703125,33.90999984741211,31.899999618530273,32.79999923706055,11384200,0.05732592925303304
2022-07-29,34.29999923706055,34.3650016784668,32.939998626708984,33.275001525878906,12381200,0.013443581029599638
2022-08-01,34.810001373291016,35.47999954223633,33.834999084472656,34.29999923706055,12399100,0.01486886727622494
2022-08-02,35.0099983215332,35.55500030517578,34.0,34.18000030517578,13829400,0.005745387542433145
2022-08-03,36.59000015258789,36.790000915527344,34.47999954223633,35.439998626708984,14243800,0.04513001733230282
2022-08-04,36.18000030517578,37.290000915527344,35.619998931884766,36.0,12410200,-0.011205243118401875
2022-08-05,35.66999816894531,36.310001373291016,35.10499954223633,36.09000015258789,12314100,-0.014096244663588609
2022-08-08,38.09000015258789,39.290000915527344,36.060001373291016,36.560001373291016,16294800,0.06784418581073703
2022-08-09,36.70000076293945,38.09000015258789,36.279998779296875,37.7400016784668,12904500,-0.036492501551066536
2022-08-10,37.400001525878906,38.2599983215332,36.770999908447266,38.189998626708984,15370300,0.01907358987431773
2022-08-11,38.95000076293945,39.95000076293945,37.75,38.60499954223633,35949100,0.04144382817706638
2022-08-12,38.900001525878906,40.560001373291016,37.29999923706055,39.72999954223633,39044000,-0.0012836774346900448
2022-08-15,37.279998779296875,39.290000915527344,36.459999084472656,37.2400016784668,21310400,-0.041645313188594546
2022-08-16,38.22999954223633,38.64500045776367,35.849998474121094,36.959999084472656,17280500,0.025482853917555115
2022-08-17,36.41999816894531,38.130001068115234,36.26499938964844,37.650001525878906,11716100,-0.04734505349107665
2022-08-18,35.900001525878906,36.70000076293945,35.0099983215332,36.459999084472656,8882200,-0.014277777847605644
2022-08-19,34.45000076293945,35.08000183105469,33.77000045776367,34.959999084472656,10999200,-0.04038999167992252
2022-08-22,33.060001373291016,34.064998626708984,32.900001525878906,33.25,11006300,-0.040348312303777
2022-08-23,32.209999084472656,33.59000015258789,31.969999313354492,33.18000030517578,9766800,-0.025710896960369545
2022-08-24,32.560001373291016,33.720001220703125,32.43000030517578,32.470001220703125,9434100,0.010866261992136694
2022-08-25,32.900001525878906,33.369998931884766,32.58100128173828,32.88999938964844,8968400,0.010442264688194758
2022-08-26,32.11000061035156,33.86000061035156,31.440000534057617,32.81999969482422,10728700,-0.02401218476862177
2022-08-29,32.310001373291016,33.2599983215332,31.549999237060547,31.600000381469727,8517300,0.006228612866328476
2022-08-30,31.889999389648438,33.040000915527344,31.44499969482422,32.7400016784668,8541000,-0.012999132336458885
2022-08-31,32.709999084472656,33.13999938964844,31.760000228881836,32.54999923706055,19332800,0.025713380699856403
2022-09-01,31.950000762939453,32.43000030517578,30.709999084472656,32.279998779296875,10468500,-0.023234434203759147
2022-09-02,32.06999969482422,32.560001373291016,30.899999618530273,32.209999084472656,8869500,0.003755835024078058
2022-09-06,33.220001220703125,34.9900016784668,32.02000045776367,32.38999938964844,24795700,0.0358591062308149
2022-09-07,33.25,34.400001525878906,32.70000076293945,33.279998779296875,15105300,0.0009030336602811051
2022-09-08,36.880001068115234,36.900001525878906,34.599998474121094,35.2400016784668,44772000,0.10917296445459357
2022-09-09,37.54999923706055,37.880001068115234,35.209999084472656,36.279998779296875,27096200,0.01816697802442757
2022-09-12,38.7400016784668,38.9900016784668,37.75,37.81999969482422,20863000,0.031691144223293666
2022-09-13,38.7599983215332,39.56999969482422,36.849998474121094,37.02000045776367,24593700,0.0005161755859581785
2022-09-14,40.099998474121094,40.345001220703125,37.77399826049805,38.29999923706055,24685800,0.034571728860046225
2022-09-15,39.689998626708984,40.86000061035156,38.88999938964844,39.79999923706055,24202000,-0.010224435486617445
2022-09-16,39.2599983215332,39.810001373291016,38.16999816894531,38.810001373291016,70434800,-0.010833971278759846
2022-09-19,37.939998626708984,38.88999938964844,37.0099983215332,38.81999969482422,18345500,-0.03362200079616995
2022-09-20,35.75,38.34000015258789,35.72999954223633,37.709999084472656,17513200,-0.05772268597730712
2022-09-21,35.099998474121094,36.66999816894531,34.84000015258789,35.650001525878906,13975000,-0.018181860863745625
2022-09-22,33.33000183105469,35.18000030517578,33.099998474121094,34.757999420166016,13544200,-0.05042725698040729
2022-09-23,33.560001373291016,33.58300018310547,31.770000457763672,32.709999084472656,16238500,0.00690067595562005
2022-09-26,33.849998474121094,35.04999923706055,33.18000030517578,33.41999816894531,11315900,0.008641152829656162
2022-09-27,33.790000915527344,35.16999816894531,33.18000030517578,34.91999816894531,11482000,-0.0017724538049719296
2022-09-28,35.08000183105469,35.25,33.54999923706055,33.86000061035156,11277400,0.03817700149675218
2022-09-29,32.310001373291016,35.7599983215332,32.13999938964844,35.34000015258789,16987900,-0.07896238064935102
2022-09-30,32.90999984741211,34.130001068115234,31.641000747680664,31.75,12381000,0.018570054120055968
2022-10-03,31.889999389648438,32.849998474121094,31.010000228881836,32.72200012207031,13778400,-0.030993633014066435
2022-10-04,36.29999923706055,36.3849983215332,33.79999923706055,34.16999816894531,29058700,0.13828786239624713
2022-10-05,36.130001068115234,36.22999954223633,34.650001525878906,36.16999816894531,15778900,-0.004683145248437159
2022-10-06,36.7599983215332,37.38999938964844,35.279998779296875,36.47999954223633,17266500,0.01743695640169629
2022-10-07,33.95000076293945,36.007999420166016,33.0099983215332,35.709999084472656,22803600,-0.07644172162401097
2022-10-10,31.479999542236328,32.347999572753906,30.15999984741211,32.0,26171500,-0.07275408439458508
2022-10-11,32.33000183105469,33.685001373291016,30.809999465942383,31.447999954223633,20802800,0.027001343747731665
2022-10-12,32.349998474121094,32.97700119018555,31.565000534057617,32.66999816894531,14040200,0.0006185166079142324
2022-10-13,32.5,33.18000030517578,30.329999923706055,30.950000762939453,16135000,0.00463683254881464
2022-10-14,28.709999084472656,33.25,28.614999771118164,33.05500030517578,22520600,-0.11661541278545673
2022-10-17,30.700000762939453,30.84000015258789,29.399999618530273,29.809999465942383,14050600,0.06931388860764742
2022-10-18,31.639999389648438,32.310001373291016,30.989999771118164,32.09600067138672,13668100,0.03061884701461426
2022-10-19,31.5,31.760000228881836,30.56999969482422,30.90999984741211,10644900,-0.00442475955591326
2022-10-20,30.729999542236328,32.15999984741211,30.3700008392334,31.100000381469727,10633200,-0.024444458976624506
2022-10-21,31.920000076293945,32.0,30.09000015258789,30.389999389648438,9941800,0.038724391532191316
2022-10-24,31.34000015258789,31.790000915527344,29.450000762939453,31.450000762939453,11197700,-0.01817042363157151
2022-10-25,34.4900016784668,34.75,31.325000762939453,31.325000762939453,18931400,0.10051057787307616
2022-10-26,34.439998626708984,35.849998474121094,33.900001525878906,34.0,11335900,-0.0014497839757726672
2022-10-27,34.5,35.220001220703125,33.900001525878906,34.369998931884766,8968100,0.00174220022310001
2022-10-28,34.47999954223633,35.06999969482422,34.099998474121094,34.36000061035156,8410900,-0.0005797234134398144
2022-10-31,34.970001220703125,35.994998931884766,33.970001220703125,34.279998779296875,23372500,0.014211185759053446
2022-11-01,33.47999954223633,36.44599914550781,33.380001068115234,36.150001525878906,10366100,-0.042607996181157626
2022-11-02,31.520000457763672,33.755001068115234,31.459999084472656,33.5099983215332,10788300,-0.05854238683605839
2022-11-03,32.2400016784668,33.54999923706055,31.010000228881836,31.280000686645508,8075400,0.022842677990056348
2022-11-04,31.989999771118164,33.5,31.100000381469727,33.43000030517578,8159200,-0.007754401188992843
2022-11-07,31.31999969482422,32.928001403808594,31.010000228881836,32.564998626708984,7414000,-0.020944047548848266
2022-11-08,31.850000381469727,32.84000015258789,30.350000381469727,31.450000762939453,11768900,0.016922116596734593
2022-11-09,28.06999969482422,31.149999618530273,27.360000610351562,31.030000686645508,28081300,-0.11868133881859244
2022-11-10,32.959999084472656,33.52000045776367,31.1299991607666,32.8849983215332,29299900,0.17420731894593122
2022-11-11,34.900001525878906,34.97999954223633,31.920000076293945,33.185001373291016,21051800,0.0588592990076926
2022-11-14,34.380001068115234,35.150001525878906,33.20399856567383,34.38999938964844,12608900,-0.01489972593204858
2022-11-15,35.150001525878906,35.73500061035156,33.91999816894531,34.439998626708984,19268200,0.02239675491103421
2022-11-16,33.31999969482422,34.4900016784668,32.849998474121094,34.35499954223633,10069200,-0.0520626387372235
2022-11-17,32.06999969482422,32.755001068115234,31.709999084472656,32.2400016784668,7890900,-0.03751500634599858
2022-11-18,30.34000015258789,32.689998626708984,29.809999465942383,32.650001525878906,13130200,-0.05394448265353535
2022-11-21,28.420000076293945,30.149999618530273,28.399999618530273,29.68000030517578,13508600,-0.06328279718647845
2022-11-22,28.940000534057617,29.469999313354492,27.850000381469727,28.579999923706055,10770200,0.01829699001997609
2022-11-23,29.709999084472656,30.18000030517578,28.950000762939453,29.270000457763672,9511300,0.026606722052713083
2022-11-25,29.530000686645508,29.639999389648438,29.100000381469727,29.639999389648438,3907600,-0.006058512398986249
2022-11-28,28.639999389648438,29.559999465942383,28.579999923706055,29.100000381469727,7746900,-0.030138885076272937
2022-11-29,28.850000381469727,29.489999771118164,28.665000915527344,29.149999618530273,6705700,0.007332437021531302
2022-11-30,32.040000915527344,32.22999954223633,29.020000457763672,29.049999237060547,18375900,0.11057194079299038
2022-12-01,31.479999542236328,32.599998474121094,30.299999237060547,31.96500015258789,12056800,-0.01747819467194911
2022-12-02,31.360000610351562,31.600000381469727,30.25,30.6299991607666,8879100,-0.003811910216954262
2022-12-05,29.530000686645508,31.344999313354492,29.434999465942383,31.010000228881836,7560400,-0.058354588268151764
2022-12-06,27.889999389648438,29.540000915527344,27.424999237060547,29.5,13170700,-0.055536784925939275
2022-12-07,27.940000534057617,28.226999282836914,27.270000457763672,27.75,8877300,0.0017927983328582808
2022-12-08,28.579999923706055,28.639999389648438,27.59000015258789,28.260000228881836,9582500,0.0229062053477167
2022-12-09,27.290000915527344,29.274999618530273,27.2450008392334,28.350000381469727,11334500,-0.04513642447943833
2022-12-12,25.610000610351562,26.899999618530273,25.520000457763672,26.75,19596900,-0.06156102047691403
2022-12-13,24.959999084472656,27.959999084472656,24.6299991607666,27.200000762939453,20597300,-0.025380769636380807
2022-12-14,24.540000915527344,25.579999923706055,24.43000030517578,24.920000076293945,14213100,-0.016826850334565435
2022-12-15,23.969999313354492,25.059999465942383,23.860000610351562,24.030000686645508,13296000,-0.02322744828473866
2022-12-16,22.479999542236328,24.309999465942383,22.299999237060547,23.889999389648438,58554600,-0.062161026858604695
2022-12-19,22.030000686645508,22.739999771118164,21.850000381469727,22.530000686645508,18825200,-0.0200177430940488
2022-12-20,21.399999618530273,22.459999084472656,21.290000915527344,21.850000381469727,15114700,-0.028597414819743427
2022-12-21,21.030000686645508,21.610000610351562,20.729999542236328,21.575000762939453,13435000,-0.01728967002244164
2022-12-22,19.729999542236328,20.809999465942383,18.920000076293945,20.65999984741211,24271200,-0.0618165050862175
2022-12-23,19.139999389648438,19.770000457763672,18.52199935913086,19.764999389648438,18952000,-0.029903708376924576
2022-12-27,17.739999771118164,18.700000762939453,17.649999618530273,18.649999618530273,21663000,-0.07314522796105416
2022-12-28,17.739999771118164,18.260000228881836,17.450000762939453,17.75,20967700,0.0
2022-12-29,18.729999542236328,19.024999618530273,18.139999389648438,18.389999389648438,22063000,0.055806075754856854
2022-12-30,18.43000030517578,18.577999114990234,17.915000915527344,18.25,17181800,-0.016017044548455317
2023-01-03,17.34000015258789,18.989999771118164,17.079999923706055,18.899999618530273,25993900,-0.059142709416113326
2023-01-04,17.709999084472656,18.059999465942383,16.559999465942383,17.200000762939453,28730200,0.02133788515737378
2023-01-05,16.559999465942383,17.3799991607666,16.530000686645508,17.350000381469727,24201200,-0.06493504675212225
2023-01-06,16.399999618530273,16.655000686645508,15.84000015258789,16.09000015258789,22022300,-0.009661826846140142
2023-01-09,16.6200008392334,17.200000762939453,16.469999313354492,16.6200008392334,21572200,0.013414708891489546
2023-01-10,16.450000762939453,17.3700008392334,16.020000457763672,16.81999969482422,26468300,-0.010228644266529807
2023-01-11,17.079999923706055,17.69499969482422,16.184999465942383,16.514999389648438,33365100,0.038297819546971645
2023-01-12,17.579999923706055,17.780000686645508,16.479999542236328,17.25,30584200,0.029274004814603627
2023-01-13,16.450000762939453,16.84000015258789,15.819999694824219,16.81999969482422,42771400,-0.06427754070936231
2023-01-17,16.93000030517578,17.280000686645508,16.371000289916992,16.674999237060547,25623600,0.02917930212609643
2023-01-18,16.5,17.709999084472656,16.459999084472656,17.389999389648438,22158100,-0.02539871809951022
2023-01-19,15.789999961853027,16.360000610351562,15.279999732971191,16.23200035095215,28441500,-0.04303030534224073
2023-01-20,16.229999542236328,16.510000228881836,15.545000076293945,15.989999771118164,23673400,0.02786571130122195
2023-01-23,18.100000381469727,18.3799991607666,16.440000534057617,16.479999542236328,41768300,0.11521878570402788
2023-01-24,18.049999237060547,18.6299991607666,17.6200008392334,17.93000030517578,22660100,-0.0027624941080316434
2023-01-25,18.690000534057617,18.764999389648438,17.1200008392334,17.40999984741211,26136500,0.03545713706641096
2023-01-26,18.309999465942383,19.8799991607666,18.010000228881836,19.68000030517578,32276700,-0.02033178476494868
2023-01-27,19.829999923706055,21.440000534057617,18.139999389648438,18.219999313354492,73907100,0.08301477346249841
2023-01-30,18.040000915527344,19.948999404907227,18.010000228881836,19.829999923706055,34992500,-0.09026722214148031
2023-01-31,19.399999618530273,19.43000030517578,17.77199935913086,18.09000015258789,31614400,0.07538795088598671
2023-02-01,19.709999084472656,20.06999969482422,18.21500015258789,19.5,36443900,0.015979354228764064
2023-02-02,20.8799991607666,22.09000015258789,20.31999969482422,20.440000534057617,39070000,0.0593607372217313
2023-02-03,19.899999618530273,21.31999969482422,19.7450008392334,19.979999542236328,27177300,-0.04693484586329588
2023-02-06,20.219999313354492,20.360000610351562,19.610000610351562,19.799999237060547,15772600,0.016080386982834094
2023-02-07,19.90999984741211,20.190000534057617,18.709999084472656,20.170000076293945,28566900,-0.015331329202253774
2023-02-08,20.079999923706055,20.3799991607666,19.450000762939453,19.489999771118164,18650900,0.008538426800442256
2023-02-09,19.420000076293945,20.885000228881836,19.239999771118164,20.489999771118164,18834400,-0.032868518422299764
2023-02-10,18.850000381469727,19.15999984741211,18.549999237060547,18.940000534057617,17148500,-0.02935116851621533
2023-02-13,18.920000076293945,19.065000534057617,18.280000686645508,18.649999618530273,13538600,0.0037135115866115953
2023-02-14,19.489999771118164,19.639999389648438,18.18000030517578,18.56999969482422,17274200,0.03012683364300872
2023-02-15,21.149999618530273,21.149999618530273,18.959999084472656,18.9950008392334,27957200,0.08517187618811728
2023-02-16,20.68000030517578,21.68000030517578,20.31999969482422,20.790000915527344,21737700,-0.022222190157521804
2023-02-17,20.219999313354492,20.56999969482422,19.5,20.399999618530273,16589200,-0.02224376136523365
2023-02-21,19.079999923706055,19.93000030517578,18.969999313354492,19.674999237060547,13737700,-0.0563797936875059
2023-02-22,19.020000457763672,19.53499984741211,18.57200050354004,19.184999465942383,16786900,-0.0031446261101834017
2023-02-23,18.18000030517578,18.93000030517578,17.5,18.889999389648438,25995900,-0.044164044814468784
2023-02-24,17.31999969482422,17.6299991607666,16.905000686645508,17.5,20161600,-0.047304763251666326
2023-02-27,18.450000762939453,18.6299991607666,17.600000381469727,17.760000228881836,20042500,0.06524255704536275
2023-02-28,19.299999237060547,19.760000228881836,18.530000686645508,18.530000686645508,36331100,0.04607037609605347
2023-03-01,15.760000228881836,17.68000030517578,15.5600004196167,17.649999618530273,87442100,-0.18341964498014485
2023-03-02,15.720000267028809,16.190000534057617,15.079999923706055,15.5649995803833,41698200,-0.002538068608636368
2023-03-03,16.920000076293945,17.479999542236328,15.720000267028809,16.020000457763672,48011300,0.07633586443265017
2023-03-06,17.1299991607666,17.739999771118164,16.959999084472656,17.139999389648438,32080000,0.012411293352585728
2023-03-07,14.640000343322754,15.9399995803833,14.609999656677246,15.925000190734863,128729000,-0.14535895735166016
2023-03-08,15.130000114440918,15.229999542236328,14.210000038146973,14.654999732971191,76217700,0.033469928936282534
2023-03-09,14.529999732971191,15.260000228881836,14.440999984741211,14.890000343322754,40790600,-0.03965633687583736
2023-03-10,14.15999984741211,14.904999732971191,14.0,14.720000267028809,42475700,-0.02546454868264625
2023-03-13,13.729999542236328,14.109999656677246,13.119999885559082,13.800999641418457,43513000,-0.030367253517616932
2023-03-14,13.210000038146973,14.109999656677246,13.100000381469727,14.09000015258789,36173200,-0.03787323535515996
2023-03-15,13.029999732971191,13.392000198364258,12.795000076293945,12.91100025177002,43498100,-0.013626063940650135
2023-03-16,13.460000038146973,13.5,12.90999984741211,13.079999923706055,30325200,0.03300079155701785
2023-03-17,13.010000228881836,13.319999694824219,12.800000190734863,13.210000038146973,36718200,-0.033432378008157015
2023-03-20,13.020000457763672,13.09000015258789,12.579999923706055,12.779999732971191,30927600,0.0007686570873099985
2023-03-21,13.609999656677246,13.739999771118164,13.130000114440918,13.180000305175781,27341300,0.04531483703303296
2023-03-22,13.289999961853027,13.949000358581543,13.234999656677246,13.8100004196167,23357000,-0.023512101608850755
2023-03-23,13.710000038146973,13.989999771118164,13.40999984741211,13.5,20984200,0.03160271463502573
2023-03-24,13.619999885559082,13.914999961853027,13.260000228881836,13.59000015258789,17770100,-0.006564562533732499
2023-03-27,13.3100004196167,13.84000015258789,13.210000038146973,13.800000190734863,16035400,-0.022760607088629037
2023-03-28,12.960000038146973,13.4350004196167,12.880000114440918,13.329999923706055,16396700,-0.026296045862920114
2023-03-29,14.239999771118164,14.4399995803833,13.180000305175781,13.319999694824219,34237300,0.09876541120398064
2023-03-30,14.399999618530273,14.84000015258789,14.27299976348877,14.550000190734863,24339700,0.01123594452133525
2023-03-31,15.479999542236328,15.680000305175781,14.40999984741211,14.539999961853027,38244700,0.07499999668863078
2023-04-03,15.229999542236328,15.59000015258789,14.630000114440918,15.279999732971191,26714500,-0.01614987127860623
2023-04-04,15.380000114440918,15.795000076293945,14.729999542236328,15.279999732971191,21953000,0.009849020138746889
2023-04-05,14.630000114440918,15.1899995803833,14.380000114440918,15.180000305175781,19066500,-0.048764629025964346
2023-04-06,14.470000267028809,14.8100004196167,14.3100004196167,14.569999694824219,14752500,-0.010936421473720759
2023-04-10,14.8100004196167,14.845000267028809,14.029999732971191,14.319999694824219,14468600,0.023496900228993978
2023-04-11,14.739999771118164,15.085000038146973,14.649999618530273,14.979999542236328,14668600,-0.0047265797782027885
2023-04-12,14.1899995803833,15.239999771118164,14.109999656677246,15.0600004196167,23278000,-0.037313446355171864
2023-04-13,14.369999885559082,14.484999656677246,14.1899995803833,14.399999618530273,13000500,0.012685011310685335
2023-04-14,13.380000114440918,13.920000076293945,13.16100025177002,13.862000465393066,36941100,-0.06889351280462075
2023-04-17,13.729999542236328,14.114999771118164,13.34000015258789,13.390000343322754,24478200,0.026158402451555984
2023-04-18,13.430000305175781,13.729999542236328,13.3100004196167,13.729999542236328,19327200,-0.02184990874454784
2023-04-19,12.819999694824219,13.079999923706055,12.65999984741211,13.0,31590500,-0.04542074434030163
2023-04-20,12.350000381469727,12.78499984741211,12.020000457763672,12.319999694824219,32712600,-0.03666141377087895
2023-04-21,12.25,12.380000114440918,11.880000114440918,12.364999771118164,20695000,-0.008097196630031722
2023-04-24,12.359999656677246,12.479999542236328,12.079999923706055,12.300000190734863,14196600,0.008979563810387337
2023-04-25,12.0,12.274999618530273,11.960000038146973,12.1899995803833,17876600,-0.02912618662434696
2023-04-26,12.039999961853027,12.329999923706055,11.680000305175781,12.149999618530273,22594500,0.0033333301544189453
2023-04-27,12.670000076293945,12.779999732971191,12.079999923706055,12.170000076293945,22583400,0.05232559106619439
2023-04-28,12.819999694824219,12.954999923706055,12.470000267028809,12.699999809265137,18185000,0.01183895956014469
2023-05-01,12.649999618530273,12.829999923706055,12.369999885559082,12.805000305175781,12868700,-0.013260536688045277
2023-05-02,12.680000305175781,12.869999885559082,12.350000381469727,12.579999923706055,13130200,0.0023715958537706694
2023-05-03,12.8100004196167,13.114999771118164,12.5600004196167,12.680000305175781,14620000,0.010252374709159406
2023-05-04,12.949999809265137,13.149999618530273,12.59000015258789,12.84000015258789,13429000,0.010928913744143953
2023-05-05,13.40999984741211,13.630000114440918,13.095000267028809,13.140000343322754,16753700,0.03552123899012449
2023-05-08,13.869999885559082,14.015000343322754,13.229999542236328,13.430000305175781,23002500,0.03430276236995966
2023-05-09,13.859999656677246,14.085000038146973,13.119999885559082,13.350000381469727,34103300,-0.0007209970414093769
2023-05-10,14.109999656677246,15.739999771118164,14.045000076293945,15.085000038146973,66713400,0.018037518484321113
2023-05-11,13.84000015258789,14.574999809265137,13.720000267028809,14.210000038146973,26179600,-0.019135330308926224
2023-05-12,12.90999984741211,13.970000267028809,12.734999656677246,13.800000190734863,31010200,-0.06719655310132955
2023-05-15,13.4399995803833,13.539999961853027,12.550000190734863,12.59000015258789,22534000,0.041053426741707755
2023-05-16,13.079999923706055,13.329999923706055,12.930000305175781,13.220000267028809,13799400,-0.026785689577155436
2023-05-17,13.40999984741211,13.454999923706055,13.0,13.079999923706055,16167300,0.02522935211245425
2023-05-18,13.539999961853027,13.5600004196167,13.050000190734863,13.399999618530273,13853200,0.009694266660711826
2023-05-19,13.470000267028809,14.300000190734863,13.289999961853027,13.520000457763672,24214000,-0.005169844536294876
2023-05-22,14.229999542236328,14.359999656677246,13.380000114440918,13.470000267028809,20291000,0.05642162287611874
2023-05-23,14.199999809265137,14.760000228881836,14.0,14.039999961853027,18444200,-0.002108203368675343
2023-05-24,14.380000114440918,14.420000076293945,13.600000381469727,13.949999809265137,19055900,0.012676077999545843
2023-05-25,14.569999694824219,14.65999984741211,14.140000343322754,14.270000457763672,16133200,0.013212766263645426
2023-05-26,15.140000343322754,15.460000038146973,14.649999618530273,14.649999618530273,26601700,0.03912152782686884
2023-05-30,14.869999885559082,15.65999984741211,14.4350004196167,15.600000381469727,29933800,-0.01783358333163787
2023-05-31,14.729999542236328,15.010000228881836,14.380000114440918,14.75,49316900,-0.009414952548770006
2023-06-01,14.579999923706055,14.9399995803833,14.020000457763672,14.430000305175781,25361800,-0.010183273807997661
2023-06-02,14.479999542236328,15.069999694824219,14.449999809265137,15.0,20094400,-0.006858736762208939
2023-06-05,14.34000015258789,14.670000076293945,14.024999618530273,14.59000015258789,17602000,-0.009668466441596024
2023-06-06,14.5,14.920000076293945,14.109999656677246,14.199999809265137,22214400,0.011157590356317693
2023-06-07,13.819999694824219,14.755000114440918,13.8100004196167,14.699999809265137,30942800,-0.04689657277074355
2023-06-08,14.050000190734863,14.164999961853027,13.649999618530273,13.850000381469727,17716700,0.01664258328433843
2023-06-09,13.869999885559082,14.859999656677246,13.829999923706055,14.260000228881836,25842500,-0.01281140944713155
2023-06-12,14.0,14.6899995803833,13.609999656677246,14.029999732971191,33762000,0.009372755264134502
2023-06-13,15.25,15.460000038146973,14.095000267028809,14.220000267028809,46597700,0.08928571428571419
2023-06-14,14.739999771118164,15.390000343322754,14.520000457763672,15.170000076293945,34759600,-0.03344263795946467
2023-06-15,15.239999771118164,15.574999809265137,14.390000343322754,14.479999542236328,33097500,0.03392130310474695
2023-06-16,14.880000114440918,16.09000015258789,14.729999542236328,15.300000190734863,92159200,-0.023622025071121988
2023-06-20,15.699999809265137,15.829999923706055,15.0600004196167,15.239999771118164,39557100,0.05510750594876779
2023-06-21,14.619999885559082,16.31999969482422,14.40999984741211,15.949999809265137,49422000,-0.06878980489341835
2023-06-22,14.149999618530273,14.649999618530273,14.020000457763672,14.399999618530273,25705600,-0.03214776133432473
2023-06-23,13.529999732971191,14.020000457763672,13.5,13.960000038146973,23892400,-0.04381624751050561
2023-06-26,13.449999809265137,13.970000267028809,13.380000114440918,13.59000015258789,21634500,-0.005912780878413737
2023-06-27,13.9399995803833,13.949999809265137,13.300000190734863,13.720000267028809,27593800,0.03643121026519447
2023-06-28,14.640000343322754,14.869999885559082,13.819999694824219,13.899999618530273,32296400,0.05021526427622791
2023-06-29,16.010000228881836,16.010000228881836,14.609999656677246,14.739999771118164,48833700,0.09357922496114779
2023-06-30,16.65999984741211,16.75,15.779999732971191,16.219999313354492,40353200,0.04059960082684344
2023-07-03,19.559999465942383,19.700000762939453,17.799999237060547,17.84000015258789,79984800,0.17406960654809045
2023-07-05,20.43000030517578,21.049999237060547,19.434999465942383,20.704999923706055,118923400,0.044478571727378347
2023-07-06,21.6200008392334,21.770000457763672,19.639999389648438,20.049999237060547,98775300,0.0582477002585331
2023-07-07,24.700000762939453,25.6299991607666,22.600000381469727,22.889999389648438,231200200,0.14246067549252062
2023-07-10,25.510000228881836,26.610000610351562,23.579999923706055,25.520000457763672,174169400,0.03279349963250722
2023-07-11,24.850000381469727,25.739999771118164,24.309999465942383,24.809999465942383,94875300,-0.025872200764031072
2023-07-12,25.90999984741211,26.26099967956543,23.709999084472656,25.40999984741211,107585800,0.04265591346762343
2023-07-13,25.520000457763672,26.889999389648438,25.18000030517578,25.81999969482422,100021300,-0.015052079967008969
2023-07-14,24.81999969482422,25.790000915527344,24.540000915527344,25.350000381469727,54454900,-0.027429496488370897
2023-07-17,23.989999771118164,24.579999923706055,23.239999771118164,24.010000228881836,67076000,-0.03344077090698505
2023-07-18,24.690000534057617,25.829999923706055,23.739999771118164,23.889999389648438,66479500,0.02917885659099473
2023-07-19,24.829999923706055,26.030000686645508,24.645000457763672,25.3799991607666,56565000,0.005670287023903597
2023-07-20,25.809999465942383,26.139999389648438,23.850000381469727,24.450000762939453,79330300,0.03946836670348475
2023-07-21,25.270000457763672,27.15999984741211,24.31999969482422,26.5,80834500,-0.02092208521318517
2023-07-24,25.809999465942383,26.3700008392334,24.740999221801758,25.290000915527344,59564500,0.02136917286888318
2023-07-25,25.350000381469727,26.559999465942383,25.190000534057617,25.979999542236328,45926600,-0.01782251429643189
2023-07-26,27.149999618530273,27.6200008392334,25.450000762939453,25.5,73715900,0.07100588599502755
2023-07-27,26.049999237060547,28.059999465942383,25.885000228881836,28.040000915527344,66937600,-0.04051566839503595
2023-07-28,26.940000534057617,27.469999313354492,26.329999923706055,26.65999984741211,48754300,0.03416511796786903
2023-07-31,27.639999389648438,27.780000686645508,26.610000610351562,27.010000228881836,37941600,0.02598362441403368
2023-08-01,27.299999237060547,27.635000228881836,26.350000381469727,27.190000534057617,40142600,-0.012301018816781362
2023-08-02,25.90999984741211,26.479999542236328,24.84000015258789,26.420000076293945,48226700,-0.05091572998146732
2023-08-03,26.5,27.010000228881836,25.350000381469727,25.3700008392334,31646800,0.022771136860767704
2023-08-04,25.260000228881836,26.829999923706055,25.18000030517578,26.829999923706055,33437600,-0.046792444193138216
2023-08-07,24.280000686645508,25.739999771118164,23.6299991607666,25.690000534057617,38325800,-0.03879649775758176
2023-08-08,24.799999237060547,25.249000549316406,23.600000381469727,23.780000686645508,57613400,0.021416743645359393
2023-08-09,22.350000381469727,25.729999542236328,22.260000228881836,24.829999923706055,84645900,-0.098790279474267
2023-08-10,21.90999984741211,22.899999618530273,21.510000228881836,22.65999984741211,50575800,-0.019686824454035357
2023-08-11,21.56999969482422,21.979999542236328,21.280000686645508,21.979999542236328,30947200,-0.015518035369956884
2023-08-14,21.559999465942383,21.799999237060547,20.520000457763672,20.899999618530273,33997000,-0.0004636174790598746
2023-08-15,20.780000686645508,21.860000610351562,20.450000762939453,21.65999984741211,31758200,-0.03617805188395362
2023-08-16,21.040000915527344,21.450000762939453,20.200000762939453,20.375,32188400,0.012512041399927787
2023-08-17,20.950000762939453,21.799999237060547,20.65999984741211,21.059999465942383,34911600,-0.004277573606067286
2023-08-18,20.780000686645508,21.170000076293945,20.18000030517578,20.25,25477700,-0.008114561818760135
2023-08-21,21.18000030517578,21.31999969482422,20.739999771118164,20.860000610351562,21257500,0.01924925915846276
2023-08-22,20.079999923706055,21.469999313354492,19.770000457763672,21.3799991607666,30521700,-0.05193580574221801
2023-08-23,20.31999969482422,20.489999771118164,19.610000610351562,19.760000228881836,17583100,0.011952179881974168
2023-08-24,19.639999389648438,20.264999389648438,19.479999542236328,20.200000762939453,18934000,-0.033464582450214664
2023-08-25,20.06999969482422,20.325000762939453,19.56999969482422,19.920000076293945,17059400,0.021894109905238546
2023-08-28,20.530000686645508,20.739999771118164,19.979999542236328,20.299999237060547,14795200,0.022919830533924657
2023-08-29,22.309999465942383,22.329999923706055,20.351999282836914,20.3799991607666,33698400,0.08670232439177372
2023-08-30,22.8799991607666,22.920000076293945,21.979999542236328,22.09000015258789,22796300,0.02554906806225432
2023-08-31,22.729999542236328,23.454999923706055,22.364999771118164,23.030000686645508,26642500,-0.006555927623786095
2023-09-01,23.309999465942383,23.7549991607666,22.459999084472656,23.0,26340300,0.025516935124803464
2023-09-05,23.389999389648438,23.709999084472656,23.1200008392334,23.170000076293945,18911800,0.0034320002376206915
2023-09-06,23.260000228881836,23.420000076293945,22.500999450683594,23.25,18103700,-0.005557895004654645
2023-09-07,23.420000076293945,23.489999771118164,22.43000030517578,22.489999771118164,18546400,0.0068787551950855175
2023-09-08,23.100000381469727,23.739999771118164,22.760000228881836,23.399999618530273,19056000,-0.013663522364721348
2023-09-11,23.40999984741211,23.950000762939453,22.889999389648438,23.5,26320100,0.013419890078922192
2023-09-12,23.579999923706055,24.459999084472656,23.059999465942383,23.209999084472656,23942100,0.00726185721495165
2023-09-13,23.25,23.760000228881836,23.204999923706055,23.59000015258789,15641900,-0.013994907751220587
2023-09-14,24.110000610351562,24.170000076293945,23.190000534057617,23.25,21598400,0.03698927356350801
2023-09-15,24.18000030517578,24.6200008392334,23.68000030517578,24.239999771118164,38387000,0.0029033468706824994
2023-09-18,23.709999084472656,24.42099952697754,23.40999984741211,24.030000686645508,20517500,-0.019437601934294446
2023-09-19,22.739999771118164,23.510000228881836,21.809999465942383,23.5,33672800,-0.040910980633049876
2023-09-20,22.399999618530273,23.420000076293945,22.3799991607666,22.959999084472656,19550800,-0.014951633949430443
2023-09-21,21.530000686645508,22.200000762939453,21.520000457763672,21.799999237060547,19974500,-0.038839238691998235
2023-09-22,20.59000015258789,21.93000030517578,20.579999923706055,21.600000381469727,24225700,-0.0436600327022133
2023-09-25,21.1299991607666,21.670000076293945,20.030000686645508,20.399999618530273,24477000,0.026226275093584217
2023-09-26,22.260000228881836,22.670000076293945,21.100000381469727,21.5,37062100,0.05347851930885916
2023-09-27,23.049999237060547,23.329999923706055,21.989999771118164,22.639999389648438,31254100,0.03548962264401534
2023-09-28,23.079999923706055,23.239999771118164,22.229999542236328,23.020000457763672,23054300,0.0013015482706510983
2023-09-29,24.280000686645508,24.5,23.389999389648438,23.450000762939453,35788700,0.051993100819159865
2023-10-02,23.65999984741211,24.8700008392334,23.3700008392334,23.93000030517578,49561600,-0.02553545394149892
2023-10-03,21.690000534057617,23.420000076293945,21.559999465942383,23.18000030517578,42257500,-0.08326286247081138
2023-10-04,23.690000534057617,23.739999771118164,21.58300018310547,21.729999542236328,48606000,0.09220838869319548
2023-10-05,18.270000457763672,21.389999389648438,18.010000228881836,21.200000762939453,189851600,-0.22878851642497655
2023-10-06,18.920000076293945,19.0,17.649999618530273,17.725000381469727,120649100,0.03557742759957416
2023-10-09,18.780000686645508,18.969999313354492,17.788000106811523,18.299999237060547,51715300,-0.00739954487758443
2023-10-10,19.639999389648438,19.979999542236328,19.110000610351562,19.350000381469727,54126000,0.045793326494097286
2023-10-11,19.3700008392334,20.190000534057617,19.100000381469727,19.81999969482422,41638100,-0.013747380794591368
2023-10-12,19.329999923706055,19.889999389648438,18.719999313354492,19.360000610351562,37700400,-0.0020650962206631984
2023-10-13,19.299999237060547,19.46500015258789,18.780000686645508,19.270000457763672,29307500,-0.0015520272511080346
2023-10-16,19.65999984741211,19.790000915527344,19.1299991607666,19.200000762939453,21031100,0.018652882102724533
2023-10-17,19.899999618530273,20.219999313354492,19.209999084472656,19.280000686645508,34080300,0.012207516428325738
2023-10-18,18.09000015258789,19.729999542236328,17.899999618530273,19.709999084472656,45912200,-0.09095474877582244
2023-10-19,17.15999984741211,17.989999771118164,17.06999969482422,17.799999237060547,41423000,-0.051409635010021715
2023-10-20,16.719999313354492,17.389999389648438,16.621999740600586,17.020000457763672,30792800,-0.025641056991266398
2023-10-23,17.06999969482422,17.649999618530273,16.09000015258789,16.549999237060547,30193300,0.02093303802890567
2023-10-24,17.43000030517578,17.649999618530273,16.989999771118164,17.299999237060547,23001800,0.021089667064301043
2023-10-25,17.020000457763672,17.600000381469727,16.959999084472656,17.309999465942383,21207200,-0.023522652910703656
2023-10-26,16.170000076293945,17.010000228881836,15.880000114440918,16.950000762939453,29444900,-0.04994126666324494
2023-10-27,16.010000228881836,16.809999465942383,15.930000305175781,16.709999084472656,23930300,-0.009894857554557324
2023-10-30,15.720000267028809,16.25,15.289999961853027,16.059999465942383,28495600,-0.018113676309002846
2023-10-31,16.219999313354492,16.43000030517578,15.449999809265137,15.710000038146973,42227100,0.03180655456949211
2023-11-01,16.1299991607666,16.298999786376953,15.890000343322754,16.25,18125400,-0.005548714944382915
2023-11-02,17.59000015258789,17.899999618530273,16.6200008392334,16.68000030517578,42818700,0.09051463532450055
2023-11-03,17.709999084472656,18.434999465942383,17.6299991607666,17.950000762939453,31488300,0.00682199720544685
2023-11-06,17.18000030517578,18.149999618530273,16.885000228881836,18.010000228881836,29082900,-0.02992652776371707
2023-11-07,17.420000076293945,17.530000686645508,16.760000228881836,17.1299991607666,45393300,0.013969718676073661
2023-11-08,17.0,18.770000457763672,16.329999923706055,18.579999923706055,121273500,-0.024110222414149285
2023-11-09,15.329999923706055,17.3700008392334,15.324999809265137,16.8799991607666,67877300,-0.09823529860552616
2023-11-10,15.399999618530273,15.760000228881836,15.119999885559082,15.420000076293945,48589600,0.004566190161291006
2023-11-13,16.190000534057617,16.3799991607666,15.279999732971191,15.350000381469727,38041900,0.05129876201923822
2023-11-14,16.899999618530273,17.218000411987305,16.56999969482422,16.850000381469727,43215600,0.043854173011241615
2023-11-15,17.239999771118164,17.75,16.25,16.56999969482422,52207500,0.020118352678250462
2023-11-16,16.389999389648438,17.149999618530273,15.930000305175781,17.079999923706055,36672200,-0.04930396709712925
2023-11-17,16.700000762939453,16.950000762939453,16.299999237060547,16.479999542236328,30199500,0.01891405642679933
2023-11-20,16.93000030517578,17.15999984741211,16.729999542236328,16.889999389648438,23589900,0.013772427049628666
2023-11-21,15.720000267028809,16.989999771118164,15.71500015258789,16.700000762939453,38697300,-0.07147076292592003
2023-11-22,15.979999542236328,16.139999389648438,15.729999542236328,15.968000411987305,20168300,0.016539393816223047
2023-11-24,16.43000030517578,16.469999313354492,15.779999732971191,15.979999542236328,15188400,0.02816024880038759
2023-11-27,16.65999984741211,16.770000457763672,16.100000381469727,16.3799991607666,24763900,0.013998754593076423
2023-11-28,17.420000076293945,17.43000030517578,16.170000076293945,16.709999084472656,37881900,0.04561826145513992
2023-11-29,17.31999969482422,18.270000457763672,17.260000228881836,17.700000762939453,47888100,-0.005740550001823053
2023-11-30,16.760000228881836,17.59000015258789,16.690000534057617,17.5,28376600,-0.03233253324535157
2023-12-01,18.030000686645508,18.084999084472656,16.6200008392334,16.80500030517578,39587000,0.07577568260262502
2023-12-04,17.739999771118164,18.25,17.510000228881836,17.760000228881836,31666400,-0.016084354103332976
2023-12-05,17.40999984741211,18.020000457763672,17.291000366210938,17.600000381469727,23840400,-0.018602025251618914
2023-12-06,18.3799991607666,19.420000076293945,17.399999618530273,17.649999618530273,59282800,0.05571506730935871
2023-12-07,19.190000534057617,19.229999542236328,18.299999237060547,18.950000762939453,37583000,0.044069717642861495
2023-12-08,19.040000915527344,19.549999237060547,18.6200008392334,19.040000915527344,34897300,-0.007816551034694363
2023-12-11,18.950000762939453,19.290000915527344,18.770000457763672,19.110000610351562,17753000,-0.004726898543082281
2023-12-12,18.209999084472656,18.90999984741211,17.75,18.90999984741211,33865500,-0.03905021892737959
2023-12-13,19.68000030517578,19.690000534057617,17.940000534057617,18.100000381469727,46247700,0.08072494753481729
2023-12-14,22.43000030517578,22.53499984741211,20.299999237060547,20.315000534057617,82961200,0.13973577019085504
2023-12-15,22.829999923706055,22.9950008392334,21.649999618530273,22.75,58996600,0.017833241778332676
2023-12-18,23.799999237060547,24.170000076293945,22.520000457763672,22.600000381469727,46402300,0.04248792451143513
2023-12-19,24.350000381469727,24.520000457763672,23.81999969482422,23.959999084472656,37545500,0.023109292522696334
2023-12-20,23.18000030517578,24.565000534057617,23.149999618530273,24.049999237060547,38421000,-0.04804928369464467
2023-12-21,23.579999923706055,24.1200008392334,23.399999618530273,23.540000915527344,27720800,0.017256238708545535
2023-12-22,23.209999084472656,23.78700065612793,22.799999237060547,23.729999542236328,23959000,-0.01569129942453562
2023-12-26,23.59000015258789,24.614999771118164,23.309999465942383,23.469999313354492,30450100,0.016372300004503293
2023-12-27,23.729999542236328,23.81999969482422,23.139999389648438,23.799999237060547,22593300,0.005934692189184965
2023-12-28,23.540000915527344,24.299999237060547,23.5,23.68000030517578,25289500,-0.008006684802956299
2023-12-29,23.459999084472656,23.93000030517578,23.100000381469727,23.600000381469727,21327900,-0.0033985483408336403
2024-01-02,21.100000381469727,21.940000534057617,20.760000228881836,21.854999542236328,49626300,-0.10059670908363028
2024-01-03,20.31999969482422,20.65999984741211,19.65999984741211,20.530000686645508,35634500,-0.03696685651866216
2024-01-04,19.5,20.295000076293945,19.475000381469727,19.920000076293945,28453000,-0.04035431629622932
2024-01-05,19.079999923706055,19.899999618530273,19.0,19.3799991607666,27403000,-0.0215384654509716
2024-01-08,19.579999923706055,19.579999923706055,18.889999389648438,19.059999465942383,18745500,0.026205450838538535
2024-01-09,19.25,19.759000778198242,19.15999984741211,19.579999923706055,18403000,-0.01685392875341718
2024-01-10,19.06999969482422,19.389999389648438,18.8799991607666,19.290000915527344,14916700,-0.009350665203936681
2024-01-11,18.790000915527344,19.1200008392334,18.2810001373291,18.8799991607666,22677600,-0.014682683994634238
2024-01-12,18.059999465942383,18.864999771118164,17.780000686645508,18.44499969482422,29689400,-0.03885052762193941
2024-01-16,17.81999969482422,18.020000457763672,17.075000762939453,17.719999313354492,21092800,-0.013289024264411364
2024-01-17,16.760000228881836,17.15999984741211,16.280000686645508,17.049999237060547,45224100,-0.05948369719951552
2024-01-18,15.739999771118164,17.010000228881836,15.359999656677246,17.0,54757100,-0.06085921502590108
2024-01-19,15.479999542236328,15.859999656677246,15.15999984741211,15.739999771118164,38774400,-0.016518439178056288
2024-01-22,16.030000686645508,16.809999465942383,15.420000076293945,15.539999961853027,35812400,0.03552979074117757
2024-01-23,16.040000915527344,16.860000610351562,15.843000411987305,16.625,32649200,0.0006238445697739348
2024-01-24,15.34000015258789,16.489999771118164,15.25,16.344999313354492,35331500,-0.04364094282948727
2024-01-25,15.0,15.289999961853027,14.59000015258789,15.0,38654000,-0.022164286128154465
2024-01-26,15.289999961853027,15.479999542236328,15.039999961853027,15.130000114440918,25757700,0.01933333079020172
2024-01-29,16.1200008392334,16.139999389648438,15.029999732971191,15.430000305175781,37754800,0.05428390316881204
2024-01-30,15.65999984741211,16.309999465942383,15.649999618530273,16.0,26006300,-0.028536040190625944
2024-01-31,15.3100004196167,16.25,15.3100004196167,15.600000381469727,31526300,-0.022349899821566654
2024-02-01,15.529999732971191,15.760000228881836,14.970000267028809,15.539999961853027,24103600,0.014369647767782379
2024-02-02,15.600000381469727,15.65999984741211,15.0,15.25,24565800,0.0045074468578334415
2024-02-05,14.9399995803833,15.350000381469727,14.729999542236328,15.300000190734863,29518400,-0.04230774262482706
2024-02-06,15.5,15.529999732971191,14.734999656677246,15.029999732971191,27700700,0.03748329553850849
2024-02-07,15.170000076293945,15.765000343322754,15.109999656677246,15.640000343322754,21062500,-0.021290317658455127
2024-02-08,16.110000610351562,16.1200008392334,15.149999618530273,15.199999809265137,58211500,0.061964438321035376
2024-02-09,16.68000030517578,16.84000015258789,16.270000457763672,16.56999969482422,41743400,0.03538173018180779
2024-02-12,16.329999923706055,16.799999237060547,15.850000381469727,15.960000038146973,37615600,-0.020983235915236875
2024-02-13,15.380000114440918,15.579999923706055,15.03499984741211,15.5600004196167,37078800,-0.05817512637498756
2024-02-14,15.539999961853027,15.829999923706055,15.369999885559082,15.595000267028809,23707300,0.010403110937683202
2024-02-15,16.350000381469727,16.549999237060547,15.569999694824219,15.600000381469727,36312600,0.05212357925386457
2024-02-16,16.299999237060547,16.729999542236328,16.065000534057617,16.200000762939453,25266800,-0.0030581738986287244
2024-02-20,15.890000343322754,16.5,15.460000038146973,16.197999954223633,27029100,-0.025153307541610048
2024-02-21,15.390000343322754,16.094999313354492,15.180000305175781,15.699999809265137,52421000,-0.031466330345934046
2024-02-22,11.449999809265137,12.25,11.0600004196167,11.979999542236328,191810400,-0.2560104253517488
2024-02-23,10.069999694824219,11.020000457763672,10.0600004196167,10.920000076293945,123712600,-0.12052402946978624
2024-02-26,10.699999809265137,10.920000076293945,10.050000190734863,10.210000038146973,71793300,0.06256207880172293
2024-02-27,11.140000343322754,11.25,10.5600004196167,10.970000267028809,62590400,0.041121545972049534
2024-02-28,11.300000190734863,11.539999961853027,10.770000457763672,11.039999961853027,49669900,0.014362642951623705
2024-02-29,11.319999694824219,11.760000228881836,11.010000228881836,11.510000228881836,48676800,0.0017698675886530513
2024-03-01,11.350000381469727,11.59000015258789,11.010000228881836,11.199999809265137,30383100,0.0026502374076233792
2024-03-04,10.90999984741211,11.079999923706055,10.550000190734863,10.890000343322754,50173400,-0.03876656557439173
2024-03-05,10.930000305175781,11.194999694824219,10.640000343322754,10.729999542236328,35772100,0.0018332225520989454
2024-03-06,11.029999732971191,11.125,10.734999656677246,10.989999771118164,25005900,0.009149078225373586
2024-03-07,12.510000228881836,12.739999771118164,11.045000076293945,11.579999923706055,151938500,0.1341795586346739
2024-03-08,12.779999732971191,13.640000343322754,12.425000190734863,13.130000114440918,107959200,0.02158269377693589
2024-03-11,12.6899995803833,13.520000457763672,12.555000305175781,12.869999885559082,57973700,-0.00704226560785437
2024-03-12,12.369999885559082,12.880000114440918,11.970000267028809,12.75,39465900,-0.025216682853077987
2024-03-13,11.710000038146973,12.369999885559082,11.645000457763672,11.949999809265137,37043000,-0.0533548790232895
2024-03-14,10.6899995803833,11.59000015258789,10.539999961853027,11.520000457763672,60056400,-0.08710507723662486
2024-03-15,11.039999961853027,11.288999557495117,10.87399959564209,11.010000228881836,48232000,0.03274091629638565
2024-03-18,11.399999618530273,11.5600004196167,10.760000228881836,11.1899995803833,39248400,0.03260866466677248
2024-03-19,11.260000228881836,11.380000114440918,10.970000267028809,11.15999984741211,28605100,-0.01228064862571343
2024-03-20,11.359999656677246,11.460000038146973,10.960000038146973,11.199999809265137,32066100,0.008880943673421182
2024-03-21,11.170000076293945,11.420000076293945,11.079999923706055,11.399999618530273,25258600,-0.016725315680060082
2024-03-22,10.800000190734863,11.069999694824219,10.710000038146973,11.020000457763672,29050300,-0.033124429993902305
2024-03-25,10.649999618530273,11.130000114440918,10.359999656677246,10.65999984741211,50616100,-0.0138889416255078
2024-03-26,10.520000457763672,11.03499984741211,10.5,10.850000381469727,33932000,-0.012206494405916368
2024-03-27,10.989999771118164,11.069999694824219,10.479999542236328,10.640000343322754,34816200,0.04467673886911627
2024-03-28,10.949999809265137,11.494999885559082,10.880000114440918,10.880000114440918,43231900,-0.0036396690342203053
2024-04-01,11.09000015258789,11.130000114440918,10.779999732971191,10.989999771118164,23816100,0.012785419704235634
2024-04-02,10.510000228881836,10.800000190734863,10.260000228881836,10.770000457763672,43195000,-0.0522993612016055
2024-04-03,10.539999961853027,10.800000190734863,10.369999885559082,10.460000038146973,33463200,0.0028543988884748295
2024-04-04,10.130000114440918,10.710000038146973,10.130000114440918,10.630000114440918,42058300,-0.03889941640379546
2024-04-05,10.100000381469727,10.364999771118164,10.010000228881836,10.109999656677246,37210200,-0.0029614740999286404
2024-04-08,10.4399995803833,10.494999885559082,10.15999984741211,10.1899995803833,28700500,0.033663285749707894
2024-04-09,10.630000114440918,10.6899995803833,10.390000343322754,10.449999809265137,27209400,0.01819928560290629
2024-04-10,10.270000457763672,10.420000076293945,10.109999656677246,10.25,30300700,-0.033866383142196255
2024-04-11,9.569999694824219,10.300000190734863,9.380000114440918,10.25,80132300,-0.06815975966293975
2024-04-12,9.130000114440918,9.510000228881836,9.079999923706055,9.479999542236328,57663100,-0.045976969113308064
2024-04-15,8.399999618530273,9.170000076293945,8.319999694824219,9.119999885559082,82423900,-0.07995624170431315
2024-04-16,8.710000038146973,8.869999885559082,8.260000228881836,8.364999771118164,51527100,0.03690481353509156
2024-04-17,8.739999771118164,9.010000228881836,8.729999542236328,8.75,32606900,0.003444286204340008
2024-04-18,8.829999923706055,9.079999923706055,8.380000114440918,8.699999809265137,30808400,0.010297500565766837
2024-04-19,8.630000114440918,8.890000343322754,8.569999694824219,8.65999984741211,26517400,-0.022650035220067588
2024-04-22,8.789999961853027,8.859999656677246,8.3149995803833,8.460000038146973,35054900,0.018539958898074138
2024-04-23,9.039999961853027,9.239999771118164,8.6850004196167,8.720000267028809,33568600,0.028441410817400925
2024-04-24,8.84000015258789,9.199999809265137,8.692999839782715,9.15999984741211,34694500,-0.022123872799678757
2024-04-25,8.520000457763672,8.710000038146973,8.460000038146973,8.619999885559082,21892100,-0.03619905987564265
2024-04-26,9.039999961853027,9.039999961853027,8.5,8.550000190734863,28226100,0.061032802365112104
2024-04-29,9.380000114440918,9.40999984741211,9.020000457763672,9.210000038146973,30756600,0.03761063650692731
2024-04-30,8.899999618530273,9.199999809265137,8.899999618530273,9.109999656677246,23045100,-0.051172760133729955
2024-05-01,9.210000038146973,9.550000190734863,8.84000015258789,8.850000381469727,27708000,0.03483150931504109
2024-05-02,9.829999923706055,10.130000114440918,9.21500015258789,9.420000076293945,54894000,0.06731811976016289
2024-05-03,10.069999694824219,10.407999992370605,9.899999618530273,10.130000114440918,47152000,0.024415032856651475
2024-05-06,10.329999923706055,10.494999885559082,10.079999923706055,10.199999809265137,30848900,0.025819288655537065
2024-05-07,10.25,11.21500015258789,10.069999694824219,11.140000343322754,98119500,-0.007744426359816758
2024-05-08,10.270000457763672,10.279999732971191,9.25,9.510000228881836,67612800,0.001951264172065592
2024-05-09,10.220000267028809,10.470000267028809,10.039999961853027,10.25,31407500,-0.00486856752738174
2024-05-10,9.989999771118164,10.40999984741211,9.84000015258789,10.199999809265137,32543800,-0.022504940303441967
2024-05-13,10.899999618530273,11.1899995803833,10.024999618530273,10.039999961853027,65312700,0.09109107790402438
2024-05-14,11.1899995803833,12.130000114440918,11.109999656677246,11.479999542236328,60966800,0.026605502018552274
2024-05-15,10.199999809265137,11.140000343322754,10.140000343322754,11.0600004196167,64347700,-0.08847183272943904
2024-05-16,10.130000114440918,10.40999984741211,10.079999923706055,10.239999771118164,34749700,-0.006862715307174305
2024-05-17,10.5,10.510000228881836,9.890000343322754,10.069999694824219,23884000,0.03652516104433445
2024-05-20,10.279999732971191,10.600000381469727,10.210000038146973,10.430000305175781,21629700,-0.02095240638369611
2024-05-21,10.050000190734863,10.350000381469727,9.979999542236328,10.239999771118164,23584300,-0.022373496907655332
2024-05-22,10.699999809265137,10.739999771118164,9.9399995803833,10.020000457763672,37629900,0.06467657773076563
2024-05-23,9.949999809265137,10.550000190734863,9.890000343322754,10.550000190734863,37322200,-0.07009345919338938
2024-05-24,10.4399995803833,10.460000038146973,10.020000457763672,10.0600004196167,25641100,0.04924620909659638
2024-05-28,10.420000076293945,10.675000190734863,10.3100004196167,10.4399995803833,22960300,-0.0019156613882373996
2024-05-29,10.220000267028809,10.350000381469727,9.970000267028809,10.220000267028809,19353800,-0.019193839520226796
2024-05-30,10.970000267028809,11.229000091552734,10.255000114440918,10.300000190734863,49178400,0.07338551667357662
2024-05-31,10.920000076293945,11.100000381469727,10.470000267028809,10.84000015258789,39955800,-0.004557902417299142
2024-06-03,11.399999618530273,11.420000076293945,10.640000343322754,11.128000259399414,35600500,0.043956001729189786
2024-06-04,11.220000267028809,11.550000190734863,11.119999885559082,11.305000305175781,26634700,-0.015789417326723676
2024-06-05,11.449999809265137,11.510000228881836,11.090999603271484,11.260000228881836,24804600,0.020499067447636854
2024-06-06,11.739999771118164,11.8100004196167,11.145000457763672,11.270000457763672,28721400,0.02532750800732453
2024-06-07,11.520000457763672,11.899999618530273,11.350000381469727,11.510000228881836,24524500,-0.01873929451819223
2024-06-10,11.869999885559082,11.970000267028809,11.380999565124512,11.430000305175781,23170500,0.030381893566639118
2024-06-11,11.829999923706055,11.899999618530273,11.520000457763672,11.760000228881836,18333600,-0.003369836751362598
2024-06-12,11.800000190734863,12.460000038146973,11.729999542236328,12.25,35059900,-0.002535903057029998
2024-06-13,11.109999656677246,11.890000343322754,11.069999694824219,11.829999923706055,28689800,-0.058474620585124426
2024-06-14,10.880000114440918,11.234999656677246,10.8100004196167,10.920000076293945,21323700,-0.020702029643906883
2024-06-17,10.960000038146973,11.104999542236328,10.649999618530273,10.880000114440918,21250300,0.007352934086817919
2024-06-18,11.020000457763672,11.210000038146973,10.710000038146973,10.829999923706055,20047800,0.005474490821885336
2024-06-20,10.329999923706055,10.868000030517578,10.279999732971191,10.770000457763672,31233700,-0.06261347598869715
2024-06-21,10.319999694824219,10.430000305175781,10.149999618530273,10.329999923706055,33064000,-0.0009680763751882537
2024-06-24,11.010000228881836,11.130000114440918,10.3100004196167,10.319999694824219,31892100,0.06686051884320032
2024-06-25,11.960000038146973,12.039999961853027,11.069999694824219,11.119999885559082,103089200,0.08628517615949383
2024-06-26,14.739999771118164,16.350000381469727,14.170000076293945,16.329999923706055,261980400,0.23244144850370008
2024-06-27,14.470000267028809,14.668000221252441,13.430000305175781,13.960000038146973,96798100,-0.018317470032692795
2024-06-28,13.420000076293945,15.119999885559082,13.210000038146973,14.489999771118164,88110300,-0.07256393720512799
2024-07-01,13.920000076293945,14.510000228881836,13.3100004196167,13.460000038146973,74020600,0.03725782393125576
2024-07-02,14.890000343322754,15.180000305175781,13.949999809265137,14.270000457763672,88608900,0.06968392684715141
2024-07-03,14.649999618530273,15.3100004196167,14.529999732971191,14.800000190734863,52620500,-0.016118248439134897
2024-07-05,14.789999961853027,14.859999656677246,14.029999732971191,14.579999923706055,37013100,0.009556337677010696
2024-07-08,15.489999771118164,15.770000457763672,14.449999809265137,14.819999694824219,56415300,0.04732926376407054
2024-07-09,15.710000038146973,16.170000076293945,15.350000381469727,15.5,49900600,0.01420272887537477
2024-07-10,16.3700008392334,16.739999771118164,15.460000038146973,15.850000381469727,55804600,0.042011508560395594
2024-07-11,16.760000228881836,17.229999542236328,16.329999923706055,16.760000228881836,59239100,0.023824029911699185
2024-07-12,18.110000610351562,18.854999542236328,16.75,16.75,97340600,0.08054894767503185
2024-07-15,17.5,17.940000534057617,17.020000457763672,17.760000228881836,51315400,-0.03368308060701497
2024-07-16,17.940000534057617,18.350000381469727,17.270000457763672,17.719999313354492,43966200,0.025142887660435376
2024-07-17,17.190000534057617,18.489999771118164,16.940000534057617,17.4950008392334,46766400,-0.04180601882236212
2024-07-18,16.899999618530273,17.479999542236328,16.450000762939453,17.420000076293945,36840900,-0.016870326149948656
2024-07-19,16.75,17.024999618530273,16.329999923706055,16.5,25909000,-0.008875717273141515
2024-07-22,17.219999313354492,17.44499969482422,16.84000015258789,17.040000915527344,25562300,0.02805966049877573
2024-07-23,17.5,17.559999465942383,16.549999237060547,17.110000610351562,23464300,0.016260203124883965
2024-07-24,16.270000457763672,16.954999923706055,16.049999237060547,16.850000381469727,38344400,-0.07028568812779012
2024-07-25,16.25,16.899999618530273,15.850000381469727,15.989999771118164,27203600,-0.0012292844007959491
2024-07-26,16.209999084472656,16.899999618530273,16.139999389648438,16.31999969482422,21540000,-0.0024615948016827316
2024-07-29,16.299999237060547,16.549999237060547,16.0049991607666,16.299999237060547,18306700,0.005552138042629551
2024-07-30,16.219999313354492,16.649999618530273,16.1200008392334,16.399999618530273,20761400,-0.004907971009235568
2024-07-31,16.40999984741211,17.049999237060547,16.34000015258789,16.360000610351562,27488600,0.011713966837297196
2024-08-01,15.239999771118164,16.450000762939453,14.899999618530273,16.399999618530273,31250800,-0.07129799434327577
2024-08-02,14.720000267028809,15.010000228881836,14.260000228881836,14.520000457763672,26970000,-0.0341207028805095
2024-08-05,14.609999656677246,15.050000190734863,12.960000038146973,12.960000038146973,38816900,-0.0074728674154953545
2024-08-06,14.800000190734863,15.149999618530273,14.510000228881836,15.119999885559082,31713700,0.013004828098731824
2024-08-07,13.78499984741211,14.664999961853027,13.305000305175781,13.484999656677246,49387400,-0.06858110339472612
2024-08-08,14.720000267028809,15.338000297546387,13.800000190734863,13.899999618530273,32646800,0.06782737975816722
2024-08-09,13.949999809265137,14.654999732971191,13.829999923706055,14.640000343322754,24823900,-0.052309812757842744
2024-08-12,13.390000343322754,14.0,13.350000381469727,13.970000267028809,25841500,-0.04014333144079685
2024-08-13,13.539999961853027,13.864999771118164,13.404999732971191,13.510000228881836,24632100,0.01120236106678485
2024-08-14,13.25,13.770000457763672,13.199999809265137,13.579999923706055,16869600,-0.021418017922456456
2024-08-15,13.760000228881836,14.130000114440918,12.920000076293945,13.029999732971191,38490900,0.038490583311836746
2024-08-16,13.210000038146973,13.770000457763672,13.010000228881836,13.550000190734863,37750200,-0.039970943429232575
2024-08-19,13.529999732971191,13.59000015258789,13.140000343322754,13.329999923706055,21051300,0.024224049500389366
2024-08-20,13.199999809265137,13.6899995803833,13.1899995803833,13.489999771118164,23709800,-0.024390238744933512
2024-08-21,13.069999694824219,13.350000381469727,12.850000381469727,13.3100004196167,24317300,-0.009848493660558288
2024-08-22,12.8100004196167,13.210000038146973,12.770000457763672,13.15999984741211,20573300,-0.019892829478066476
2024-08-23,13.960000038146973,14.079999923706055,12.890000343322754,12.920000076293945,39766900,0.08977358164401084
2024-08-26,14.359999656677246,14.720000267028809,13.720000267028809,13.949999809265137,33109800,0.028653267724730425
2024-08-27,14.479999542236328,14.550000190734863,13.9399995803833,14.350000381469727,20302300,0.008356538191369944
2024-08-28,13.829999923706055,14.510000228881836,13.59000015258789,14.420000076293945,28459100,-0.04488947783695063
2024-08-29,14.09000015258789,14.640000343322754,13.930000305175781,13.989999771118164,20853200,0.018799727427052826
2024-08-30,14.130000114440918,14.34000015258789,13.770000457763672,14.199999809265137,22865400,0.0028388900936726635
2024-09-03,13.149999618530273,13.979999542236328,13.125,13.9399995803833,21395100,-0.069356014718576
2024-09-04,13.279999732971191,13.800000190734863,13.010000228881836,13.109999656677246,18070200,0.009885940548449046
2024-09-05,13.739999771118164,13.960000038146973,13.279999732971191,13.399999618530273,20258900,0.03463855778587832
2024-09-06,13.229999542236328,14.0649995803833,13.079999923706055,13.75,25712800,-0.037117921206510474
2024-09-09,13.079999923706055,13.694999694824219,13.010000228881836,13.289999961853027,21409800,-0.011337840039329139
2024-09-10,13.229999542236328,13.489999771118164,12.8100004196167,13.100000381469727,24465200,0.011467860810795205
2024-09-11,13.930000305175781,13.989999771118164,12.960000038146973,13.210000038146973,27551100,0.05291011240814658
2024-09-12,13.720000267028809,13.970000267028809,13.510000228881836,13.770000457763672,16423100,-0.015075379292629698
2024-09-13,13.5,14.079999923706055,13.390000343322754,13.829999923706055,23786600,-0.016035004573396572
2024-09-16,13.199999809265137,13.59000015258789,13.1899995803833,13.369999885559082,18831300,-0.022222236350730618
2024-09-17,13.100000381469727,13.539999961853027,13.050000190734863,13.479000091552734,18816800,-0.007575714336391148
2024-09-18,12.899999618530273,13.595000267028809,12.819999694824219,13.140000343322754,30971200,-0.015267233367592836
2024-09-19,13.149999618530273,13.649999618530273,13.09000015258789,13.350000381469727,29977400,0.019379845534327478
2024-09-20,11.710000038146973,13.149999618530273,11.649999618530273,13.140000343322754,77632800,-0.10950567468869965
2024-09-23,11.90999984741211,12.180000305175781,11.40999984741211,11.850000381469727,35701000,0.017079402955901823
2024-09-24,11.84000015258789,12.119999885559082,11.729999542236328,12.050000190734863,32304400,-0.005877388389675664
2024-09-25,11.029999732971191,11.600000381469727,10.979999542236328,11.430000305175781,53125000,-0.06841219672110022
2024-09-26,11.170000076293945,11.350000381469727,10.949999809265137,11.199999809265137,38408200,0.012692687825210047
2024-09-27,11.600000381469727,11.84000015258789,11.34000015258789,11.420000076293945,35828100,0.03849599840991669
2024-09-30,11.220000267028809,11.539999961853027,11.140000343322754,11.369999885559082,27646300,-0.03275862947797348
2024-10-01,10.4399995803833,11.210000038146973,10.430000305175781,11.199999809265137,50162000,-0.06951877612138968
2024-10-02,10.640000343322754,10.800000190734863,10.300000190734863,10.300000190734863,29933000,0.01915716197108419
2024-10-03,10.779999732971191,10.800000190734863,10.4399995803833,10.449999809265137,21102700,0.013157836948407109
2024-10-04,10.4399995803833,10.470000267028809,9.824999809265137,10.050000190734863,76581600,-0.031539903618734044
2024-10-07,10.489999771118164,10.569999694824219,10.25,10.380000114440918,29217100,0.004789290492771103
2024-10-08,10.470000267028809,10.760000228881836,10.329999923706055,10.420000076293945,22441900,-0.0019065304600310862
2024-10-09,10.420000076293945,10.9399995803833,10.369999885559082,10.470000267028809,35090500,-0.004775567283634152
2024-10-10,10.260000228881836,10.515000343322754,10.180000305175781,10.359999656677246,24184400,-0.015355071616181437
2024-10-11,10.5,10.569999694824219,10.079999923706055,10.079999923706055,24732700,0.02339179003549785
2024-10-14,10.350000381469727,10.550000190734863,10.260000228881836,10.350000381469727,20180400,-0.014285677955264142
2024-10-15,10.149999618530273,10.470000267028809,10.100000381469727,10.279999732971191,22528400,-0.0193237444993265
2024-10-16,10.239999771118164,10.289999961853027,10.109999656677246,10.199999809265137,17753000,0.008867010440432255
2024-10-17,10.119999885559082,10.270000457763672,9.930000305175781,10.149999618530273,27876200,-0.011718739086063357
2024-10-18,10.039999961853027,10.265000343322754,10.010000228881836,10.170000076293945,18480900,-0.007905130890387913
2024-10-21,10.029999732971191,10.170000076293945,9.960000038146973,10.050000190734863,17320000,-0.000996038737035021
2024-10-22,10.489999771118164,10.529999732971191,10.005000114440918,10.069999694824219,25223600,0.04586241778599787
2024-10-23,10.15999984741211,10.579999923706055,10.010000228881836,10.420000076293945,21311300,-0.031458525348554756
2024-10-24,10.430000305175781,10.829999923706055,10.260000228881836,10.390000343322754,33208400,0.026574848604199897
2024-10-25,10.449999809265137,10.630000114440918,10.329999923706055,10.420000076293945,22770900,0.001917497939039503
2024-10-28,10.859999656677246,11.114999771118164,10.539999961853027,10.539999961853027,31831700,0.03923443587516595
2024-10-29,10.470000267028809,10.890000343322754,10.279999732971191,10.710000038146973,23459900,-0.035911547143433586
2024-10-30,10.390000343322754,10.579999923706055,10.279999732971191,10.329999923706055,19962400,-0.007640871219266709
2024-10-31,10.100000381469727,10.58899974822998,10.010000228881836,10.380000114440918,25679400,-0.02791144872669793
2024-11-01,10.180000305175781,10.4399995803833,10.130000114440918,10.210000038146973,20118900,0.007920784226189692
2024-11-04,10.289999961853027,10.548999786376953,10.25,10.279999732971191,20363100,0.010805466933170749
2024-11-05,10.59000015258789,10.619999885559082,10.170999526977539,10.289999961853027,18141200,0.029154537594462626
2024-11-06,9.710000038146973,10.239999771118164,9.5,10.100000381469727,69491200,-0.08309727117670263
2024-11-07,10.050000190734863,10.239999771118164,9.8100004196167,9.949999809265137,57094100,0.035015463568708105
2024-11-08,10.59000015258789,10.720000267028809,9.829999923706055,10.119999885559082,58725000,0.05373133846811817
2024-11-11,11.039999961853027,11.25,10.25,10.670000076293945,46358500,0.04249289922391264
2024-11-12,10.579999923706055,10.869999885559082,10.5,10.835000038146973,32265800,-0.04166667026598103
2024-11-13,12.029999732971191,13.100000381469727,11.460000038146973,11.75,119810200,0.13705102265796776
2024-11-14,10.3100004196167,11.989999771118164,10.220000267028809,11.979999542236328,80485000,-0.142975839695192
2024-11-15,10.0600004196167,10.069999694824219,9.550000190734863,10.069999694824219,79212600,-0.024248301631911495
2024-11-18,10.069999694824219,10.720000267028809,9.850000381469727,10.050000190734863,51695100,0.0009939636968623322
2024-11-19,10.170000076293945,10.317999839782715,9.899999618530273,10.0649995803833,33654300,0.009930524776592176
2024-11-20,10.050000190734863,10.470000267028809,9.90999984741211,10.09000015258789,24955400,-0.011799398688186802
2024-11-21,10.020000457763672,10.390000343322754,9.920000076293945,10.020000457763672,35472300,-0.002985048000182955
2024-11-22,10.239999771118164,10.569999694824219,10.0,10.029999732971191,30576400,0.021956018293794788
2024-11-25,11.600000381469727,11.84000015258789,10.479999542236328,10.520000457763672,90465300,0.13281256257323681
2024-11-26,11.550000190734863,12.270000457763672,11.220000267028809,12.239999771118164,81743600,-0.004310361128499252
2024-11-27,12.220000267028809,12.449999809265137,11.619999885559082,11.744999885559082,49064100,0.05800866365624846
2024-11-29,12.229999542236328,12.630000114440918,11.930000305175781,12.229999542236328,26168000,0.0008182712756970023
2024-12-02,11.869999885559082,12.470000267028809,11.515000343322754,12.270000457763672,40288500,-0.029435786602770242
2024-12-03,11.880000114440918,12.038999557495117,11.550000190734863,11.680000305175781,22966500,0.0008424792736521081
2024-12-04,11.960000038146973,12.279999732971191,11.710000038146973,11.829999923706055,26924900,0.0067340002470883675
2024-12-05,12.34000015258789,12.850000381469727,12.050000190734863,12.085000038146973,44397900,0.03177258471813471
2024-12-06,13.0,13.520000457763672,12.5,12.609999656677246,46944500,0.0534845898906815
2024-12-09,14.449999809265137,14.989999771118164,13.420000076293945,13.53499984741211,77982900,0.11153844686654901
2024-12-10,14.0600004196167,14.510000228881836,13.770000457763672,14.479999542236328,36388500,-0.026989577494552996
2024-12-11,13.760000228881836,14.329999923706055,13.229999542236328,14.210000038146973,37842800,-0.021337139529263416
2024-12-12,14.199999809265137,14.3100004196167,13.479999542236328,13.699999809265137,32741800,0.03197671315875095
2024-12-13,14.369999885559082,14.40999984741211,13.751999855041504,14.020000457763672,32046000,0.011971836519534707
2024-12-16,15.34000015258789,15.489999771118164,13.880000114440918,14.109999656677246,56008800,0.06750175885551646
2024-12-17,14.699999809265137,15.460000038146973,14.579999923706055,15.345000267028809,30935800,-0.04172101283941543
2024-12-18,13.0600004196167,14.529999732971191,12.800000190734863,14.479999542236328,56880100,-0.11156458577739414
2024-12-19,13.0600004196167,13.75,12.800000190734863,13.470000267028809,38905300,0.0
2024-12-20,13.829999923706055,14.170000076293945,12.729999542236328,12.9399995803833,41955200,0.058958612507606256
2024-12-23,13.75,14.220000267028809,13.710000038146973,13.800000190734863,20009800,-0.005784520907258006
2024-12-24,14.0600004196167,14.369999885559082,13.739999771118164,13.819999694824219,15903800,0.022545485063032666
2024-12-26,14.039999961853027,14.350000381469727,13.6899995803833,13.930000305175781,18967300,-0.00142250762210272
2024-12-27,13.649999618530273,14.100000381469727,13.3100004196167,13.920000076293945,21598000,-0.027777802306438226
2024-12-30,13.579999923706055,13.649999618530273,13.020000457763672,13.350000381469727,18630100,-0.005128182914319823
2024-12-31,13.300000190734863,14.720000267028809,13.289999961853027,13.725000381469727,40649100,-0.020618537153480165
2025-01-02,13.25,13.789999961853027,12.760000228881836,13.350000381469727,30449400,-0.0037594127832941693
2025-01-03,16.489999771118164,16.649999618530273,13.710000038146973,13.90999984741211,124581800,0.24452828461269172
2025-01-06,15.71500015258789,16.639999389648438,15.529999732971191,16.46500015258789,58377100,-0.0469981582345238
2025-01-07,14.949999809265137,16.344999313354492,14.8100004196167,15.930000305175781,35938000,-0.04867962684663263
2025-01-08,14.210000038146973,14.760000228881836,13.979999542236328,14.5649995803833,33065300,-0.04949831308088415
2025-01-10,13.850000381469727,14.154999732971191,13.760000228881836,14.0,23209000,-0.02533424741103596
2025-01-13,13.489999771118164,13.630000114440918,13.010000228881836,13.539999961853027,28042700,-0.025992823136179566
2025-01-14,13.34000015258789,14.119999885559082,13.079999923706055,13.869999885559082,30031800,-0.011119319575632614
2025-01-15,13.9399995803833,14.210000038146973,13.744999885559082,13.895000457763672,28674500,0.04497746783601153
2025-01-16,14.4399995803833,14.65999984741211,13.949999809265137,14.029999732971191,38996400,0.03586800681856639
2025-01-17,14.210000038146973,15.34000015258789,14.1899995803833,14.675000190734863,65184000,-0.015927946601105303
2025-01-21,13.289999961853027,14.0600004196167,12.989999771118164,13.84000015258789,44540100,-0.06474314382999224
2025-01-22,12.6899995803833,13.140000343322754,12.65999984741211,13.100000381469727,35488200,-0.045146755695405494
2025-01-23,12.489999771118164,12.770000457763672,12.170000076293945,12.600000381469727,39181600,-0.015760426783173798
2025-01-24,12.770000457763672,13.1899995803833,12.479999542236328,12.710000038146973,31448000,0.0224179897339134
